{"cameraMode":{"drawMode":0,"name":"Shaded","section":"Shading Mode"},"sceneLighting":true,"audioPlay":false,"sceneViewState":{"showFog":true,"showMaterialUpdate":false,"showSkybox":true,"showFlares":true,"showImageEffects":true,"showParticleSystems":true},"in2DMode":false,"pivot":{"x":-0.0007091201841831207,"y":-0.04930778220295906,"z":0.009161201305687428},"rotation":{"x":-0.20528899133205415,"y":0.10167346894741059,"z":-0.02144709601998329,"w":-0.9731695055961609},"size":0.34920305013656618,"orthographic":false}